{
  "IcoMoonType": "selection",
  "icons": [
    {
      "icon": {
        "paths": [
          "M384 640l128-64 448-448-64-64-448 448-64 128zM289.3 867.098c-31.632-66.728-65.666-100.762-132.396-132.394l99.096-272.792 128-77.912 384-384h-192l-384 384-192 640 640-192 384-384v-192l-384 384-77.912 128z"
        ],
        "tags": [
          "pencil",
          "write",
          "edit"
        ],
        "defaultCode": 59654,
        "grid": 16,
        "attrs": []
      },
      "attrs": [],
      "properties": {
        "ligatures": "pencil2, write2",
        "name": "pencil2",
        "order": 5,
        "id": 7,
        "prevSize": 32,
        "code": 59654
      },
      "setIdx": 8,
      "setId": 1,
      "iconIdx": 6
    },
    {
      "icon": {
        "paths": [
          "M1024 397.050l-353.78-51.408-158.22-320.582-158.216 320.582-353.784 51.408 256 249.538-60.432 352.352 316.432-166.358 316.432 166.358-60.434-352.352 256.002-249.538z"
        ],
        "tags": [
          "star-full",
          "rate",
          "star",
          "favorite",
          "bookmark"
        ],
        "defaultCode": 59865,
        "grid": 16,
        "attrs": []
      },
      "attrs": [],
      "properties": {
        "ligatures": "star-full, rate3",
        "name": "star-full",
        "order": 4,
        "id": 218,
        "prevSize": 32,
        "code": 59865
      },
      "setIdx": 8,
      "setId": 1,
      "iconIdx": 217
    },
    {
      "icon": {
        "paths": [
          "M0 512c0 282.77 229.23 512 512 512s512-229.23 512-512-229.23-512-512-512-512 229.23-512 512zM928 512c0 229.75-186.25 416-416 416s-416-186.25-416-416 186.25-416 416-416 416 186.25 416 416z",
          "M706.744 669.256l90.512-90.512-285.256-285.254-285.254 285.256 90.508 90.508 194.746-194.744z"
        ],
        "tags": [
          "circle-up",
          "up",
          "circle-top",
          "arrow"
        ],
        "defaultCode": 59969,
        "grid": 16,
        "attrs": []
      },
      "attrs": [],
      "properties": {
        "ligatures": "circle-up, up3",
        "name": "circle-up",
        "order": 2,
        "id": 322,
        "prevSize": 32,
        "code": 59969
      },
      "setIdx": 8,
      "setId": 1,
      "iconIdx": 321
    },
    {
      "icon": {
        "paths": [
          "M1024 512c0-282.77-229.23-512-512-512s-512 229.23-512 512 229.23 512 512 512 512-229.23 512-512zM96 512c0-229.75 186.25-416 416-416s416 186.25 416 416-186.25 416-416 416-416-186.25-416-416z",
          "M317.256 354.744l-90.512 90.512 285.256 285.254 285.254-285.256-90.508-90.508-194.746 194.744z"
        ],
        "tags": [
          "circle-down",
          "down",
          "circle-bottom",
          "arrow"
        ],
        "defaultCode": 59971,
        "grid": 16,
        "attrs": []
      },
      "attrs": [],
      "properties": {
        "ligatures": "circle-down, down3",
        "name": "circle-down",
        "order": 3,
        "id": 324,
        "prevSize": 32,
        "code": 59971
      },
      "setIdx": 8,
      "setId": 1,
      "iconIdx": 323
    }
  ],
  "height": 1024,
  "metadata": {
    "name": "pulsoico"
  },
  "preferences": {
    "showGlyphs": true,
    "showQuickUse": true,
    "showQuickUse2": true,
    "showSVGs": true,
    "fontPref": {
      "prefix": "icon-",
      "metadata": {
        "fontFamily": "pulsoico",
        "majorVersion": 1,
        "minorVersion": 0
      },
      "metrics": {
        "emSize": 1024,
        "baseline": 6.25,
        "whitespace": 50
      },
      "embed": false
    },
    "imagePref": {
      "prefix": "icon-",
      "png": true,
      "useClassSelector": true,
      "color": 0,
      "bgColor": 16777215,
      "classSelector": ".icon"
    },
    "historySize": 100,
    "showCodes": true,
    "gridSize": 16
  }
}